employees.id,employees.name,employees.age,employees.phone,employees.email,employees.dateofbirth,employees.region,employees.salary
677509,Donald Walker,42,303-572-8492,donald.walker@hotmail.com,NULL,UK,168251
940761,Raymond Robinson,41,225-945-4954,aymond.robinson@gmail.com,NULL,US,51063
428945,Scott Robinson,39,219-904-2161,scott.robinson@gmail.com,NULL,EU,50155
408351,Jason Evans,20,215-793-6791,diane.evans@yahoo.com,NULL,EU,180294
193819,Gregory Russell,78,262-404-2252,gregory.russell@charter.net,NULL,UK,117642
499687,Ralph Bailey,50,319-812-6957,ralph.bailey@aol.com,NULL,US,72305
539712,Scott Baker,22,229-336-5117,scott.baker@bp.com,NULL,UK,98189
380086,Eugene Murphy,43,216-336-0009,carol.murphy@gmail.com,NULL,EU,60918
477616,Fred Young,77,210-819-9765,frances.young@gmail.com,NULL,UK,121587
162402,Jonathan Peterson,73,479-783-5656,diana.peterson@hotmail.co.uk,NULL,US,43010
231469,Terry Flores,41,316-280-2864,ralph.flores@yahoo.com,NULL,UK,118457
153989,Samuel Alexander,60,702-603-3769,jack.alexander@gmail.com,NULL,EU,82965
386158,Philip King,42,216-605-3731,melissa.king@comcast.net,NULL,EU,166892
301576,Ronald Watson,56,701-231-9370,wayne.watson@gmail.com,NULL,UK,92758
441771,Richard Scott,28,215-288-9345,cheryl.scott@gmail.com,NULL,US,92220
528509,Alan Diaz,20,252-531-7641,paula.diaz@gmail.com,NULL,UK,152654
912990,Todd Stewart,46,217-279-9342,joshua.stewart@yahoo.ca,NULL,UK,184896
214352,John Lee,40,319-553-8919,theresa.lee@gmail.com,NULL,US,197537
890290,Lawrence Scott,46,423-939-1010,julia.scott@apple.com,NULL,UK,141518
622406,Ryan Lewis,52,314-679-3697,thomas.lewis@gmail.com,NULL,US,73862
979607,Shawn Edwards,19,225-283-4295,carol.edwards@msn.com,NULL,US,93967
969580,Jose Turner,77,236-972-7624,matthew.turner@gmail.com,NULL,US,52237
426038,Charles Stewart,49,216-637-6800,joan.stewart@yahoo.com,NULL,EU,111673
388642,Ronald Rogers,22,423-231-6507,ruby.rogers@gmail.com,NULL,US,160623
560455,Jimmy Hayes,61,239-882-8784,carolyn.hayes@hotmail.co.uk,NULL,US,42005
477253,Jimmy Russell,19,605-635-1306,anne.russell@ibm.com,NULL,US,103160
263480,Louis Cooper,76,701-510-8162,daniel.cooper@yahoo.com,NULL,EU,153790
683826,Antonio Roberts,23,206-497-3141,roger.roberts@gmail.com,NULL,US,129625
474599,Ralph Walker,31,423-668-5506,maria.walker@microsoft.com,NULL,US,48944
335732,Phillip Butler,34,480-814-8284,brenda.butler@gmail.com,NULL,US,60508
329752,Gary Brown,19,239-812-9041,lillian.brown@aol.com,NULL,US,67251
893212,James Howard,37,803-613-3168,amy.howard@aol.com,NULL,US,112715
621833,Jose Edwards,84,503-256-9654,gregory.edwards@outlook.com,NULL,UK,169245
456747,Benjamin Griffin,59,219-506-9378,roy.griffin@yahoo.com,NULL,UK,170895
278556,Peter Mitchell,71,205-621-5884,richard.mitchell@verizon.net,NULL,EU,122226
333476,Robert Wilson,48,423-937-8660,mary.wilson@sbcglobal.net,NULL,UK,109394
218791,Michael Price,27,219-287-8926,aaron.price@bp.com,NULL,US,54402
134841,Adam Brown,46,212-434-7910,donna.brown@aol.com,NULL,US,129836
726264,Gerald Collins,27,479-740-7633,carl.collins@yahoo.com,NULL,US,162159
766610,Edward Jenkins,43,262-455-4187,joyce.jenkins@aol.com,NULL,US,119321
923947,Joshua Bryant,76,319-827-3516,mary.bryant@verizon.net,NULL,US,155442
227922,Roy Hughes,63,225-544-9700,amanda.hughes@rediffmail.com,NULL,UK,114257
265813,Philip Campbell,42,316-499-5737,jack.campbell@gmail.com,NULL,US,186280
247137,Bobby Rivera,73,423-277-6819,alan.rivera@apple.com,NULL,UK,154810
407061,Scott Jackson,49,603-568-6118,elizabeth.jackson@aol.com,NULL,UK,85420
226714,Bruce Davis,57,219-610-3067,nancy.davis@ibm.com,NULL,US,94986
702813,Ryan Martinez,44,479-951-4138,ernest.martinez@gmail.com,NULL,UK,172098
524896,Ralph Walker,37,316-736-6126,judy.hernandez@gmail.com,NULL,EU,133332
363065,Phillip Butler,19,212-825-1930,nancy.jones@gmail.com,NULL,UK,61924
227924,Gary Brown,69,307-329-8832,pamela.wright@aol.com,NULL,US,149262
